{
  "login": "Dismas379",
  "id": 122639851,
  "node_id": "U_kgDOB09V6w",
  "avatar_url": "https://avatars.githubusercontent.com/u/122639851?v=4",
  "gravatar_id": "",
  "url": "https://api.github.com/users/Dismas379",
  "html_url": "https://github.com/Dismas379",
  "followers_url": "https://api.github.com/users/Dismas379/followers",
  "following_url": "https://api.github.com/users/Dismas379/following{/other_user}",
  "gists_url": "https://api.github.com/users/Dismas379/gists{/gist_id}",
  "starred_url": "https://api.github.com/users/Dismas379/starred{/owner}{/repo}",
  "subscriptions_url": "https://api.github.com/users/Dismas379/subscriptions",
  "organizations_url": "https://api.github.com/users/Dismas379/orgs",
  "repos_url": "https://api.github.com/users/Dismas379/repos",
  "events_url": "https://api.github.com/users/Dismas379/events{/privacy}",
  "received_events_url": "https://api.github.com/users/Dismas379/received_events",
  "type": "User",
  "site_admin": false,
  "name": null,
  "company": null,
  "blog": "",
  "location": null,
  "email": null,
  "hireable": null,
  "bio": null,
  "twitter_username": null,
  "public_repos": 1,
  "public_gists": 0,
  "followers": 0,
  "following": 0,
  "created_at": "2023-01-13T18:57:58Z",
  "updated_at": "2023-01-14T01:29:55Z"
}
